latitude,longitude,cumulative_distance_m,altitude_m,bearing_deg,slope_pct
-26.817406,27.832136,0.0,1496.0,0.0,0.0
-26.81488154122323,27.82980117246555,363.9804702892977,1489.0,320.4625468839755,-1.9231801075580466
-26.81071826656247,27.82790696237569,863.6260541400013,1488.0,337.8992928969025,-0.20014186701964418
-26.806502675067442,27.82927517612402,1351.6493298085916,1495.0,16.155339650251733,1.4343578163172694
-26.8024593540895,27.83091277658822,1829.7207866616895,1494.0,19.875050177026708,-0.2091737512593814
-26.798146547408503,27.83099743919594,2309.3566201643052,1486.0,1.0038456070667507,-1.6679320937259312
-26.794130995227242,27.828714725225417,2810.060127616316,1481.0,333.09515554635186,-0.9985949620053775
-26.790163552072066,27.826326909050337,3310.854787776756,1476.0,331.7528878121248,-0.9984132016100464
-26.78610186589074,27.82419828573517,3809.474090867419,1476.0,334.9279276555939,0.0
-26.781617720690814,27.82415648850863,4308.10554924299,1472.0,359.5232389741207,-0.802195676348039
-26.77712300841137,27.82447346802598,4808.884314834355,1469.0,3.60260491905359,-0.5990669345688662
-26.77262747233727,27.824774271340445,5309.65625494298,1465.0,3.4187133882132343,-0.7987667997396857
-26.76813345355044,27.82510593136041,5810.45192773918,1456.0,3.769862177385221,-1.7971401289768274
-26.76363645980286,27.824908670450448,6310.8781798561,1452.0,357.75710686603026,-0.7993185775284696
-26.759137758841025,27.824783554225395,6811.265117225407,1451.0,358.5774544084896,-0.1998453447360792
-26.75466998130013,27.825403619291453,7311.859541903991,1439.0,7.064528853090394,-2.3971501495856304
-26.750216143541255,27.826151071525835,7812.633807882903,1423.0,8.522996105944458,-3.195052359314681
-26.745780615099637,27.82597100426531,8306.166059537316,1441.0,357.9237520599037,3.647178059723679
-26.74162556539952,27.824025945679843,8806.933262657496,1458.0,337.31250089488196,3.3947910114872553
-26.737331444995352,27.822563618690033,9306.011105312731,1472.0,343.0838593868917,2.8051736229194315
-26.732904269338974,27.8216384017091,9806.791728471826,1477.0,349.42750283987954,0.9984411873722862
-26.728472782162186,27.82073953174075,10307.57125876802,1480.0,349.73145919330165,0.599066019776329
-26.724043872662254,27.819824006903907,10808.367054612792,1485.0,349.5390061497835,0.9984109374492036
-26.71968155199433,27.818606440727066,11308.281476868795,1488.0,346.0011945994607,0.6001027108723264
-26.715236041535654,27.81791825709962,11807.30308374248,1485.0,352.1271127095486,-0.601176373663391
-26.71095806189268,27.81638625879286,12306.738707481572,1478.0,342.2606629108564,-1.4015820392613456
-26.707003534046674,27.813980787811847,12807.185959786406,1475.0,331.4807076632502,-0.5994637768882451
-26.703014504174458,27.811676886649096,13306.305492565578,1489.0,332.70790965033365,2.8049393142452095
-26.69907970077671,27.80924057081534,13806.31057313038,1495.0,331.0505189700296,1.199987806768371
-26.695215027115736,27.806667302689647,14306.327284233357,1499.0,329.2526799932883,0.7999732631288423
-26.691399580969975,27.80400906903584,14806.060578261699,1498.0,328.099150441297,-0.20010673932469408
-26.687673953368186,27.80120731141001,15305.157508139908,1495.0,326.10231515818356,-0.6010856449732253
-26.683910191667852,27.79843915960997,15805.94340052948,1496.0,326.6891000202082,0.19968613637024682
-26.680176415937016,27.795655674626655,16304.794088547933,1495.0,326.3316881591579,-0.20046078396167522
-26.676411387385617,27.79289112575787,16805.511177499648,1488.0,326.73045612171853,-1.3979950264239986
-26.672515260284268,27.790369192084682,17305.98959584626,1486.0,329.9542541812537,-0.3996176311872217
-26.668362388363033,27.78842076002005,17806.710871872394,1481.0,337.2533035281749,-0.9985595259065888
-26.664191767773456,27.786518907376877,18307.490552045092,1479.0,337.828259199269,-0.3993772269893784
-26.660026959212495,27.784600942948448,18808.281552814507,1474.0,337.6299877193358,-0.9984204972369709
-26.655858269680287,27.78269374419618,19309.068426892325,1469.0,337.7612355705056,-0.9984287246360708
-26.651682988109375,27.780804541733232,19809.863250923318,1469.0,337.9816410054262,0.0
-26.647515746785913,27.778893339448143,20310.657089414333,1475.0,337.7106596076634,1.1980978076885105
-26.643346165940486,27.77698867930971,20811.44813962601,1474.0,337.79004681684086,-0.19968407973291807
-26.639176163403494,27.77508538113339,21312.234065041208,1475.0,337.80568118896815,0.1996861232014269
-26.635039462408553,27.773104569832203,21812.577067026523,1471.0,336.82783518879637,-0.7994515730465638
-26.63169950049552,27.769764501255565,22310.719674779884,1469.0,318.20502586446077,-0.4014914542283507
-26.627786922055215,27.767656274939714,22793.617446144264,1468.0,334.28059726684575,-0.2070831673491884
-26.623993056800675,27.769989745315872,23275.039494620643,1465.0,28.804176035313276,-0.6231538438038935
-26.62220422318386,27.774583456731243,23773.120250068925,1466.0,66.46339469524605,0.2007706559752508
-26.618734540084798,27.777697696818354,24267.781274892714,1466.0,38.74464612845509,0.0
-26.61457710477726,27.77962877167751,24768.34150848024,1466.0,22.551716087406305,0.0
-26.61037451476103,27.781439985178544,25269.138383273716,1462.0,21.07290660563467,-0.7987270291272417
-26.606175321139535,27.783260643987962,25769.923894474327,1461.0,21.189402701869653,-0.19968628836775743
-26.601969583354638,27.78506257600382,26270.721297761957,1463.0,20.961404039455033,0.3993630931131869
-26.59776644184093,27.786871998740384,26771.518543396778,1461.0,21.053494285035356,-0.3993632188341523
-26.593565815211694,27.788688627796102,27272.315183617597,1467.0,21.142198685293522,1.198091104875303
-26.58937215846621,27.7905242338482,27773.076116319928,1467.0,21.376260033104757,0.0
-26.58528011245853,27.792622935824824,28273.664638287304,1466.0,24.638496510479456,-0.19976486797377477
-26.581324485241797,27.795028089057933,28774.32986628742,1470.0,28.535891776489848,0.7989370494088089
-26.577404734152058,27.797505639657818,29275.001334525427,1470.0,29.47866188446784,0.0
-26.57332056699474,27.799623910279823,29775.61852404504,1481.0,24.88501790774353,2.197287714102563
-26.569087989186052,27.80133890667724,30276.211023649408,1490.0,19.920551003857895,1.7978695260342366
-26.564746629360705,27.80266883731216,30776.740525202,1492.0,15.322950376070366,0.3995768468783964
-26.56031782200894,27.80357195816636,31277.326019488468,1489.0,10.337052939474688,-0.5992982286225021
-26.555861451266836,27.80430055165274,31778.122719507614,1482.0,8.32029471334181,-1.397772788784828
-26.55140508052473,27.805029145139123,32278.919827182002,1485.0,8.320613599531669,0.5990449932771093
-26.546948709782626,27.805757738625505,32779.7173424637,1482.0,8.320932435583586,-0.5990445057045667
-26.54249233904052,27.806486332111884,33280.515265304726,1486.0,8.321251221455839,0.7987253575869496
-26.538035968298416,27.807214925598267,33781.31359565723,1492.0,8.321569957237443,1.1980870614677774
-26.533579183041887,27.807940242862657,34282.11087707541,1497.0,8.284228833993666,0.9984079757463543
-26.529122390211096,27.808665500261913,34782.90853762598,1509.0,8.28385792683656,2.396177327746946
-26.524665598386857,27.809390617024043,35283.70447535301,1518.0,8.282592834430034,1.7971391782546038
-26.520209454736488,27.8101206009986,35784.499494508585,1524.0,8.338924104868397,1.198094983076519
-26.51575370131908,27.810853693334092,36285.29694063934,1534.0,8.374973192026516,1.996815294738764
-26.511296356472364,27.8115745299131,36786.093768969535,1538.0,8.234312973478495,0.7987271032320984
-26.506838961801307,27.81229498171365,37286.890996887814,1540.0,8.23020200919359,0.39936323296229614
-26.50238156713025,27.8130154335142,37787.6886229801,1544.0,8.23051693604134,0.7987258308734221
-26.497924172459193,27.81373588531475,38288.48664719941,1538.0,8.230831813251825,-1.1980877938473051
-26.49346608899769,27.814450868601604,38789.28326158983,1529.0,8.168270317989482,-1.7971367500067854
-26.489047050553232,27.815397269132227,39289.6031248293,1537.0,10.85092122486094,1.5989770920150175
-26.48485955308847,27.817223006433732,39789.42919919494,1540.0,21.31778687503703,0.6002087833867946
-26.48107197876745,27.81992993480721,40289.387079802735,1537.0,32.607338612973194,-0.6000505475287125
-26.47746859568242,27.82294830942248,40790.18090442548,1553.0,36.86239747335355,3.194927575645149
-26.473864921918306,27.82596620689867,41290.97774832052,1561.0,36.85669321193751,1.5974541568150677
-26.470254068468318,27.82897308539659,41791.76298905853,1568.0,36.70235956534958,1.3978047734961254
-26.46664321501833,27.83197996389451,42292.55384303414,1581.0,36.70322101471629,2.5958940537346833
-26.46303236156834,27.834986842392432,42793.35030965009,1587.0,36.704082335925534,1.198091520202604
-26.459421508118353,27.837993720890353,43294.15238830908,1598.0,36.704943528618685,2.196476506138932
-26.455810654668365,27.841000599388273,43794.9600784137,1604.0,36.705804593017604,1.1980646700426176
-26.45226747151131,27.844103452304342,44295.59917067966,1607.0,38.09817673572445,0.5992340682829177
-26.448911747195428,27.847456009364663,44796.2299590511,1610.0,41.812544615735646,0.59924400769658
-26.445775190267238,27.851065407975273,45296.99707622448,1613.0,45.85633954418114,0.5990808695534507
-26.442738381998957,27.854779571090393,45797.76254233758,1611.0,47.59922752898575,-0.3993885631778538
-26.4397500385678,27.858542773737156,46298.559518757014,1609.0,48.4319818012616,-0.39936343352139775
-26.436732121889317,27.86227620754208,46799.34771874534,1632.0,47.92622494774986,4.592759973285356
-26.43370239091631,27.865997748913923,47300.14762790921,1616.0,47.7246284747373,-3.194888758409204
-26.430330239980584,27.869327303956933,47800.657074353876,1605.0,41.48231056165338,-2.197760717232756
-26.426663494370228,27.872244869655244,48301.29333315118,1593.0,35.47151775901585,-2.3969498391562745
-26.422958414093028,27.875104109026495,48802.08790760568,1580.0,34.648176868985274,-2.5958747684438297
-26.419250728293363,27.877958925509652,49302.87590011289,1594.0,34.588737585611455,2.795594185457308
-26.415521299736,27.880778233148096,49803.67037394659,1606.0,34.09950574345686,2.3961925753967037
-26.411843670756422,27.883680411559435,50304.428333918564,1607.0,35.25184979279925,0.19969727491819877
-26.40810727374874,27.886486526018697,50805.14021820329,1606.0,33.92700394410366,-0.19971565113308878
-26.404392167097747,27.88932900085486,51305.9326595132,1603.0,34.422818977217446,-0.5990505751550437
-26.400490100918148,27.891824758379812,51805.97955881924,1600.0,29.808268832560486,-0.5999437261111621
-26.396256246259078,27.893518965203587,52306.09053263313,1605.0,19.719601402974092,0.9997781016220508
-26.39182152307447,27.894355595248495,52806.200728469776,1615.0,9.591905722128502,1.9995593137769785
-26.38732040904399,27.894404418479958,53306.725399047435,1627.0,0.5567131036879687,2.397484221137535
-26.38282342059214,27.894581837342542,53807.07990955007,1639.0,2.0241971338140843,2.3982995552384057
-26.37839714690833,27.89548109994537,54307.34481959093,1650.0,10.315550293864533,2.1988350130536958
-26.3741283698683,27.89706819640739,54807.650088367285,1669.0,18.422586646513878,3.797681372908607
-26.370108632833762,27.89932223147261,55307.86015357436,1670.0,26.674740429031885,0.19991600920425856
-26.366426423472447,27.90220943454793,55808.240583458464,1646.0,35.089310219362915,-4.796350649756363
-26.36314911358332,27.90565031352989,56308.56212393939,1638.0,43.25067261467399,-1.598971731720799
-26.36022096559841,27.90946915599437,56809.33692522366,1637.0,49.445456534226196,-0.1996905589968648
-26.357251847609724,27.913247807498134,57310.07531287628,1632.0,48.752193858294504,-0.9985254023441594
-26.354121755087853,27.916860553720998,57810.78690639452,1607.0,45.964695535722626,-4.992894177731762
-26.35083356345875,27.92029403307233,58311.511390273925,1595.0,43.09739623109152,-2.396527508906485
-26.347401225040166,27.923547191108767,58812.24912430577,1570.0,40.342842040885216,-4.992633528674766
-26.343829949785555,27.926608068975543,59312.96974943104,1564.0,37.527116337880216,-1.1982729887547374
-26.340130819059176,27.929473374765063,59813.680964254665,1558.0,34.76734828434115,-1.198295508941911
-26.336305054048292,27.932123753550027,60314.40723527945,1547.0,31.834866992478396,-2.196809042490922
-26.332371203812567,27.93456963317142,60815.15803142628,1540.0,29.128279983052778,-1.397900922747085
-26.32833300479929,27.936793727396072,61315.91173197614,1534.0,26.2725001751146,-1.1981938412859683
-26.32420210257341,27.938794064283442,61816.64373697376,1538.0,23.46194997816633,0.7988305041574129
-26.31998498754141,27.94055612762935,62317.37230876641,1538.0,20.531972727085645,0.0
-26.315690028521956,27.942064623924658,62818.05765313698,1548.0,17.475370648802766,1.9972623749495562
-26.311349581377684,27.94340467356498,63318.83439299245,1553.0,15.469447838653878,0.9984489298450728
-26.306951637896624,27.94448277065285,63819.531214007344,1563.0,12.393683725791789,1.9972165950106127
-26.302510345204734,27.945313779797267,64320.279430085466,1574.0,9.522024871587917,2.1967127683753715
-26.298033024788936,27.945843354914707,64820.925757316436,1607.0,6.052897943068388,6.591479494620491
-26.29353986451619,27.946181508198062,65321.67832546814,1611.0,3.86006419951633,0.7987977005817705
-26.28904054485175,27.946403649673375,65822.4697456141,1616.0,2.5345846404174495,0.9984196611321208
-26.284540832717052,27.946616968984458,66323.2666800575,1631.0,2.4339315278475624,2.9952260024657655
-26.280040569496173,27.946809073657768,66824.03951757196,1654.0,2.191942577586417,4.592900867818261
-26.27554304348103,27.947049018151038,67324.71347747213,1661.0,2.738823751774703,1.398115452498405
-26.27116891811725,27.94813770843846,67823.06004564687,1654.0,12.581369410313414,-1.4046449693911853
-26.267337685679774,27.950732427694483,68321.48247673384,1671.0,31.271318274978967,3.4107614223793754
-26.264459629204744,27.954567808381668,68820.15827641878,1700.0,50.07839934968166,5.815401513031587
-26.261984111452243,27.95875572566641,69320.32202260008,1697.0,56.609912947882435,-0.5998035689121116
-26.258568277488678,27.961994272019698,69818.87871862255,1690.0,40.373511048275134,-1.4040529504160024
-26.254376949301538,27.963770157437818,70317.4460719732,1705.0,20.80658383596051,3.008620580387322
-26.249894631393246,27.964080280308256,70816.81570663801,1707.0,3.5508189123127636,0.40050492884743905
-26.245476674264882,27.963163762326243,71316.50121203957,1700.0,349.45972542525004,-1.4008811391026046
-26.241142032822054,27.96180128340972,71817.27975290046,1690.0,344.2552670798653,-1.996890678024852
-26.236775295799028,27.96057854756827,72317.91923270239,1690.0,345.90103655940186,0.0
-26.23229567846216,27.96041800267139,72816.28727303476,1698.0,358.15869529882724,1.6052393718234248
-26.22786287113809,27.961291860314496,73316.8403264451,1701.0,10.028394606598852,0.5993370691798872
-26.223386196831626,27.96109727992393,73815.0020453805,1692.0,357.76706276808784,-1.8066422324127016
-26.2190180552719,27.959879586225195,74315.67527316327,1677.0,345.95914884099966,-2.995966064817865
-26.21466963316383,27.958572448731825,74816.4714795332,1659.0,344.9073753522228,-3.594276428424846
-26.210314902520537,27.95729355860251,75317.22090124873,1680.0,345.2390522686358,4.193714278901304
-26.205971823076716,27.955964725473926,75818.01469743841,1678.0,344.64950428279457,-0.3993659696300378
-26.201757234361086,27.954206126946264,76318.42171120965,1674.0,339.4746313691408,-0.7993493076475117
-26.19766038908766,27.95212131892275,76819.210699759,1656.0,335.4581403783593,-3.5943282323641217
-26.1935682105141,27.950025072841534,77320.00628480353,1656.0,335.31394610121345,0.0
-26.18946970833246,27.94794558201014,77820.74888296796,1663.0,335.52059620468697,1.3979238086912953
-26.185370073144405,27.945868342775142,78321.51613613291,1680.0,335.5492043055127,3.3947906722248256
-26.180945058643125,27.945239927206988,78817.53492285876,1698.0,352.7371233949834,3.628894808363098
-26.176488456894617,27.944837351078817,79314.71208521146,1725.0,355.3652816625022,5.430659741536148
-26.17219686179549,27.943316036922248,79815.48281335151,1745.0,342.35190471163645,3.993843664601456
-26.167972094722277,27.941616726471945,80314.92783977384,1732.0,340.15038929415186,-2.6028890693181714
-26.164818896955033,27.93809708958066,80811.23009190339,1719.0,314.9471509847628,-2.6193715511503686
-26.162130111675133,27.934071561393594,81312.02529475797,1689.0,306.6551000548885,-5.990472717988693
-26.159416068650753,27.93006748447366,81812.79956930442,1679.0,307.05849886194727,-1.9969076904074172
-26.155792125818326,27.92725093899306,82304.12757254404,1675.0,325.0994757441169,-0.8141200936290319
-26.15136369559134,27.927409853469776,82796.80193476647,1653.0,1.8449512024308206,-4.4654241598363305
-26.147247030515235,27.929444891182854,83297.5982919184,1626.0,23.929456034876694,-5.3914130193659755
-26.143143312712308,27.93151199881841,83798.39236333077,1607.0,24.33178550380461,-3.7939746264198146
-26.139054395777123,27.93361216705152,84299.06312872679,1607.0,24.754267135185216,0.0
-26.135098212299233,27.936000902739355,84799.44202110342,1602.0,28.460665688032464,-0.999242789049661
-26.131223184076553,27.938557479858954,85300.23789218722,1594.0,30.639327747842287,-1.5974572599184513
-26.127344886343323,27.941107834377405,85801.03480451292,1592.0,30.557812783220584,-0.3993634846333175
-26.123653440937225,27.94395937283568,86300.56372081328,1583.0,34.743866659423986,-1.8016975006484688
-26.120453385297253,27.94748838381987,86801.31231463092,1561.0,44.71734795767691,-4.393422222571805
-26.11730088815552,27.95107028468004,87302.08107321028,1538.0,45.57321450783036,-4.59293827858772
-26.11410591181645,27.954605488187116,87802.87754138358,1537.0,44.81463590579733,-0.1996819194128088
-26.110588806773517,27.95771235911078,88302.05230102879,1545.0,38.422069076667356,1.6026451348794393
-26.10660361054754,27.96004662637242,88802.74257019209,1540.0,27.74340919675234,-0.9986213649319491
-26.102608510943018,27.96236198361156,89303.53692014409,1522.0,27.49436547472078,-3.5942897522156763
-26.098625655121122,27.964703234696817,89804.32946407233,1501.0,27.829496005451688,-4.19335316681734
-26.094540622957147,27.966796662273204,90304.3596803577,1497.0,24.713259993199642,-0.7999516568649204
-26.090164991272918,27.967977549084523,90804.99492909701,1501.0,13.624521982856663,0.798984891709618
-26.085774950404062,27.96909721357161,91305.78799392871,1502.0,12.901974935627436,0.19968327643196723
-26.081377774733287,27.970181694664287,91806.58369428734,1498.0,12.49030561630002,-0.7987289022520528
-26.076983952640735,27.97128130796181,92307.34548103342,1470.0,12.668818722799756,-5.591480967815525
-26.072654863748856,27.972643993196435,92807.58880016467,1457.0,15.787843780505739,-2.5987353559417143
-26.069072091951824,27.9711741357146,93232.1648860828,1459.0,339.7701335710005,0.47105808978267477
-26.068486453349234,27.966210743263357,93732.18080227665,1487.0,277.48213584579,5.599821744303184
-26.066780849260464,27.961649258395127,94225.69544891946,1495.0,292.59889101122377,1.621025850888293
-26.063884305115803,27.957812624983994,94726.29250357713,1534.0,310.04450762187713,7.790697056072323
-26.060196971195705,27.954988215259228,95223.9928370506,1534.0,325.46787766372285,0.0
-26.055768983717282,27.95517640742161,95716.72132383732,1518.0,2.1865562054056795,-3.2472244712990253
-26.05133156511881,27.95603187263854,96217.48544734111,1513.0,9.826025550461736,-0.998474084967506
-26.046889268103854,27.956852119175068,96718.19683279876,1493.0,9.419094119100066,-3.9943170019431826
-26.042972010567997,27.954599017195225,97208.49831303456,1493.0,332.6711915525826,0.0
-26.03986190176257,27.951055483299225,97703.40011089982,1473.0,314.328563434286,-4.04120576774411
-26.03651435923888,27.94787853601799,98192.58409059756,1441.0,319.5446498157992,-6.541506126135224
-26.032115060911956,27.946809287681035,98693.29315835888,1458.0,347.68048364910794,3.395185167308327
-26.027866291313053,27.945202849958655,99192.25615775994,1468.0,341.2348372261506,2.004156623237329
-26.023764828105236,27.943134122761002,99692.97543003788,1461.0,335.6175681611168,-1.3979889306346447
-26.01962169860289,27.94116966844966,100193.74600605785,1455.0,336.9215791696308,-1.198153463345826
-26.015477630894285,27.939208156146183,100694.50012928409,1440.0,336.95647483620394,-2.9954820747872066
-26.01153557568261,27.936812694270163,101193.9406289936,1408.0,331.36026428210556,-6.407169626534509
-26.008147326612043,27.933521504545002,101694.05989946987,1420.0,318.87915932618597,2.399427638245645
-26.004922534382683,27.930024077946836,102194.80221412177,1439.0,315.7324841918412,3.7943667719010747
-26.00119024654853,27.927263852399843,102693.12906613754,1466.0,326.3878556569721,5.418130668813612
-25.99689530276633,27.925780202440524,103193.1945706125,1465.0,342.7509995428797,-0.199973801642236
-25.99252345901789,27.92458906928057,103693.6862555891,1437.0,346.23925069817557,-5.594498538234263
-25.98803538169141,27.924730015571203,104192.93648070275,1426.0,1.6169814811489118,-2.2033039639583576
-25.983554684917987,27.92523320331289,104693.69939873023,1413.0,5.764469864799423,-2.596038870291623
-25.979069556470282,27.925364966553413,105192.59680817889,1409.0,1.5127898939597912,-0.8017680437387822
-25.97471358770886,27.924095420135114,105693.30739735556,1401.0,345.31796013600547,-1.5977293416451588
-25.970407958522596,27.922628989354013,106194.01098681141,1382.0,342.9757804901987,-3.794660234141447
-25.966188222450604,27.920878534264766,106694.79294553463,1374.0,339.54694553626064,-1.59750163931555
-25.962043720138304,27.91892793705072,107195.20019269605,1365.0,337.06422382291,-1.7985351033688777
-25.958278025614657,27.916185167779282,107695.72202442652,1370.0,326.7800291158663,0.9989574246368758
-25.95447728539316,27.91351029764436,108195.8506598759,1364.0,327.6744211830673,-1.1996913543270409
-25.95026447298567,27.91174271164349,108696.52164355078,1355.0,339.32996467114594,-1.7975876960036405
-25.94603614043312,27.91001821255662,109197.31032335013,1355.0,339.8601613375546,0.0
-25.94180352944692,27.90830720542161,109698.08532886658,1348.0,340.0231529882707,-1.3978333428963534
-25.937529417014094,27.906728820944146,110198.86571916437,1329.0,341.6290806074693,-3.794078276248318
-25.933285939022653,27.905055070167776,110699.52305456986,1291.0,340.4697766617124,-7.59002162012139
-25.929069866091044,27.90329769201226,111200.18527353865,1305.0,339.45050623480523,2.7962964788586704
-25.925046212055637,27.90105811549746,111700.5211458748,1321.0,333.40781714039525,3.197851860050237
-25.921005684096453,27.89884701510316,112201.27491028294,1319.0,333.79451637894994,-0.399397896162369
-25.916817938524236,27.89701313804609,112701.74818196657,1307.0,338.50176632747156,-2.3977304441516125
-25.912591881484932,27.895282205469137,113202.53824234578,1285.0,339.7758201748671,-4.393058437170494
-25.908374326186095,27.893525821335867,113703.33075242736,1317.0,339.4644717934562,6.38987192416023
-25.904152648037826,27.891782237713713,114204.10749377862,1292.0,339.6193787318181,-4.992244634313817
-25.899923941151695,27.890059608905787,114704.89408847789,1313.0,339.87464934911407,4.19340298288354
-25.895813799279704,27.88802381296266,115205.23550075316,1352.0,335.98331546609137,7.79467760276924
-25.891901852302297,27.885556039310977,115705.3880100865,1372.0,330.42465459023344,3.998780297365291
-25.88771275032206,27.883742409634,116205.27954375335,1373.0,338.71927987571894,0.20004339594726123
-25.883454399423496,27.88211254562541,116706.0728228076,1377.0,340.99882469091756,0.7987327640566542
-25.879203101234356,27.88046038671766,117206.85831223355,1359.0,340.7276874053635,-3.5943533469057494
-25.874811546704528,27.879461002900893,117705.30776712723,1398.0,348.42830490241795,7.824263747729225
-25.870389973068523,27.87868270268672,118203.09253683474,1418.0,351.000082514458,4.017800707673694
-25.866232481317482,27.880537735808076,118701.25106965136,1425.0,21.874968275189588,1.4051751679172242
-25.86215875928224,27.882671611922408,119202.02466170568,1415.0,25.2370589203249,-1.996910411944262
-25.857755026323243,27.88356582982628,119699.80503416792,1382.0,10.355344699722082,-6.6294297295748805
-25.853268999624838,27.883993293611713,120200.45899098738,1363.0,4.901171959647684,-3.7950364201059705
-25.848795276364207,27.883769762566747,120698.41696465881,1351.0,357.4253615985919,-2.409841921301948
-25.844348396333174,27.883361908821357,121194.56905917608,1355.0,355.28130478307355,0.8062043966360386
-25.839884947695516,27.884028309127416,121695.34248221917,1345.0,7.653212291619582,-1.9969110859023056
-25.835543809046104,27.885289894062005,122194.29395422092,1332.0,14.658165023543916,-2.6054638034927944
-25.83177987727937,27.888033699510625,122694.86992933521,1295.0,33.270349608586685,-7.3914853767307225
-25.82794873488398,27.890643098622316,123194.55520781773,1275.0,31.51113141783071,-4.002519357932168
-25.82353953264069,27.89159222288514,123693.95466083284,1252.0,10.96597654735092,-4.60553167632406
-25.81947004498275,27.893556016406237,124187.30890900563,1238.0,23.479770155949666,-2.837717532959528
-25.8150986616464,27.894609726779297,124684.69606389658,1211.0,12.242925321366158,-5.428366964144767
-25.811020463425837,27.89260472106674,125180.59961150303,1196.0,336.12614818686524,-3.0247817488702795
-25.806606478684294,27.891812104004966,125677.78422205287,1184.0,350.8169620148527,-2.4135903938637795
-25.802690694006202,27.894134277562113,126171.3699515369,1206.0,28.09800205805402,4.457179105035706
-25.79856963643453,27.892747371382285,126650.18316748994,1200.0,343.14326421113225,-1.2530982437603233
-25.797491659081025,27.88910715078896,127033.8213551504,1198.0,288.2058126518896,-0.5213245355465288
-25.798634845259276,27.884272813095937,127534.21422762226,1212.0,255.28263087839213,2.7978016415066707
-25.800019239298972,27.879512945322467,128034.97912037947,1240.0,252.09605567424825,5.591446286466246
-25.802987271776736,27.875842648432382,128528.86794352281,1239.0,228.0687825244582,-0.2024747176167171
-25.803653420825643,27.87102444607772,129016.86335737536,1245.0,261.26832840471627,1.2295197515550682
-25.80352753113074,27.866023853577016,129517.65758511289,1243.0,271.60066279214243,-0.3993656254856498
-25.8029036699706,27.86114647369569,130010.82638392886,1256.0,278.08510374560024,2.636014287848551
-25.79893361971992,27.85900050380773,130501.77541063365,1231.0,334.04946340913216,-5.092178340345782
-25.79464012251149,27.857491012883393,131002.53743838913,1225.0,342.43505453408085,-1.198173916439558
-25.79018573317496,27.856927,131501.05133555012,1206.0,353.49593678954716,-3.8113280508736422
-25.785700774387543,27.856649549301483,132000.52905790688,1207.0,356.8117663820011,0.2002091295046235
-25.781274760525374,27.856266977957326,132494.16776098564,1240.0,355.5494616467844,6.685051191120829
-25.776803116895444,27.856855807610323,132994.8751771161,1201.0,6.76243796310041,-7.78897989995784
-25.772748288383646,27.856194988743923,133450.5810671062,1186.0,351.6509019056247,-3.2915966919642567
-25.772841935856864,27.85120508047427,133950.3482755005,1186.0,268.8050168668529,0.0
-25.773665800129894,27.846292427541496,134450.72664618402,1192.0,259.44968947940015,1.1990925970289077
-25.77473262437066,27.84143343593941,134951.52284440683,1193.0,256.29684746337193,0.19968202704986948
-25.775800172335817,27.836574642764475,135452.3145571375,1202.0,256.2872453246422,1.797154340060037
-25.776973142427963,27.831749159159692,135952.7884188532,1195.0,254.89271047832034,-1.3986744434570406
-25.775380568174395,27.82841854275198,136330.38659620305,1193.0,297.9674139265228,-0.5296635736000644
-25.772342344364873,27.824978433236115,136812.87074154077,1182.0,314.4422502516714,-2.279867661205847
-25.770463907388415,27.820434122864945,137313.56365517847,1178.0,294.6548819377881,-0.7988928724672119
-25.768766505318542,27.815801866216656,137814.35111127349,1179.0,292.14025591248065,0.1996855128516376
-25.76660219859247,27.81142242354768,138314.5937669271,1177.0,298.75542723731996,-0.39980596964222825
-25.76381111269271,27.807504231071952,138814.86691935966,1165.0,308.3423271671498,-2.398689584210281
-25.7604787200162,27.804147936895003,139315.13968930702,1164.0,317.7891765229622,-0.19989095151135636
-25.7566755374955,27.801478444062134,139815.4493680757,1177.0,327.6998325220528,2.5983906671552868
-25.75253788995063,27.799518070733132,140315.67329815804,1194.0,336.8904352892132,3.398477957102456
-25.748209303408117,27.79813873446101,140816.42251654592,1200.0,343.9855180556629,1.1982045662131064
-25.743879926166656,27.796762638793272,141317.1682030587,1221.0,344.0234365965011,4.1937455609941905
-25.73951744800418,27.79553213482928,141817.66575223446,1262.0,345.74403421147616,8.191848305255695
-25.73505593671943,27.794900160187286,142317.7854016523,1301.0,352.7283363378255,7.798133915633451
-25.730552498125277,27.79494248842905,142818.56287508598,1246.0,0.4851193791441233,-10.982922139624733
-25.72610212889897,27.7942833818227,143317.80633235603,1220.0,352.40038319426117,-5.207879967455573
-25.721953305404234,27.792392494904217,143816.50804180762,1204.0,337.6767279057451,-3.2083306908241385
-25.71834607502369,27.78942131144451,144315.98783825123,1194.0,323.42141112460223,-2.0020829813742367
-25.71551159640327,27.785552895517863,144815.51427334815,1189.0,309.1199156141708,-1.000948027711457
-25.713651755827176,27.781012993057324,145315.14422382406,1190.0,294.4500861896437,0.20014812944009436
-25.712401186959486,27.77621171012607,145815.85387975082,1186.0,286.1231121361643,-0.7988661597900235
-25.711118114204314,27.771420458928052,146316.62075178645,1176.0,286.5521540278228,-1.9969372093944109
-25.709909243698096,27.766605247085238,146817.41650329923,1183.0,285.5688294662116,1.397775436164296
-25.708614541887187,27.7618177054774,147318.20699063406,1188.0,286.70575331015834,0.9984215208658662
-25.707331163799967,27.757026879692482,147818.9573242905,1187.0,286.55676943154896,-0.1997003162630121
-25.705408723979254,27.752522136790052,148318.35092611078,1182.0,295.3429104422083,-1.0012142690204868
-25.702721490684556,27.74852748895145,148817.82082345616,1177.0,306.74363373581537,-1.0010613305375151
-25.699537091968818,27.744994236781785,149318.52349702083,1170.0,315.00550115014613,-1.3980352751393808
-25.695996007901,27.741935092216522,149817.5148756122,1171.0,322.1001643896708,0.2004042640622291
-25.69446254258534,27.737418860625276,150301.0971186,1172.0,290.6457583653515,0.20679005784445087
-25.695951874793387,27.73272107688803,150800.09346954006,1179.0,250.6161459918601,1.4028158696577158
-25.698087918672023,27.728323103436633,151300.69480331277,1183.0,241.674598599328,0.7990390217010833
-25.700291657659122,27.723964135073988,151801.49215121396,1189.0,240.70388777560706,1.1980894118440677
-25.702482367450447,27.719597002472113,152302.2897121142,1192.0,240.89378371392064,0.5990444511365284
-25.704676260399744,27.715231762508967,152803.0868808011,1193.0,240.8474009379325,0.19968164009833012
-25.70687911503171,27.710872001930646,153303.8842671767,1200.0,240.7167893596395,1.3977708730991463
-25.70907073710907,27.706505192640467,153804.68172298625,1206.0,240.88049287300902,1.1980891536880776
-25.71126467794453,27.702139731339788,154305.47970772925,1216.0,240.84675518846035,1.996813147147924
-25.71346649933176,27.69777910304685,154806.27564938815,1212.0,240.73176551884714,-0.7987285173977032
-25.71565711715565,27.69341142968454,155307.0732496657,1201.0,240.89512471390222,-2.1964961481252177
-25.71786011218507,27.68905136217553,155807.8699343966,1204.0,240.71469612005862,0.599045499195371
-25.720048581618386,27.68468223077914,156308.66491956668,1208.0,240.92623388858044,0.7987300429219311
-25.72223658616537,27.680312703865386,156809.46238167371,1211.0,240.93315778745676,0.5990445693111026
-25.72443137346449,27.675947310111884,157310.25804776282,1212.0,240.83427560131256,0.19968223922729986
-25.726627856344507,27.67158288042927,157811.05425890355,1216.0,240.80960509435545,0.7987280875964913
-25.728821198437103,27.66721653292175,158311.8409726686,1219.0,240.85475683074733,0.5990574265529376
-25.730904234071907,27.662784816714964,158812.5592695913,1222.0,242.44522859761784,0.5991392801975487
-25.732684969721426,27.658194569318553,159313.18039703614,1226.0,246.7002080003772,0.7990074291142868
-25.73417614519815,27.653478907537934,159813.7915535644,1232.0,250.6562902268901,1.1985350150024598
-25.735360716266342,27.64865661494554,160314.45816324835,1232.0,254.7457093076042,0.0
-25.73624815473835,27.643756041451237,160815.1447381527,1233.0,258.6322884394652,0.19972574662921783
-25.73682489520514,27.638798505235854,161315.83752383396,1227.0,262.64004958592466,-1.1983396149469696
-25.73703823258763,27.633807883248497,161816.28118845858,1229.0,267.2819633143847,0.3996453829623757
-25.737108196716584,27.628808752730674,162317.07438414395,1228.0,269.10880785063415,-0.1996832242561578
-25.73715737181623,27.6238092722347,162817.8718057537,1223.0,269.37331067547836,-0.9984076962553305
-25.737193753323695,27.6188096559138,163318.66913912477,1218.0,269.5360743403824,-0.9984078721711602
-25.737219285825542,27.61380995931067,163819.46609129137,1213.0,269.67409530519814,-0.9984086321549148
-25.737269460086118,27.608810486186766,164320.26352980637,1207.0,269.3605988845695,-1.1980891950629007
-25.7373040433419,27.603810847776437,164821.06103187095,1202.0,269.55895203148907,-0.9984075358577171
-25.737343342523044,27.59881125194233,165321.85841500468,1203.0,269.4989552704348,0.19968155459250211
-25.737382647115375,27.593811658655646,165822.65538265085,1203.0,269.4988860123327,0.0
-25.737418051912226,27.58881202347132,166323.4527927654,1198.0,269.5485002233215,-0.9984077191725702
-25.737450926749627,27.583812364526022,166824.25030648697,1192.0,269.58068664182025,-1.198089015141527
-25.73748346234408,27.578812701673264,167325.04779985704,1184.0,269.5850024865209,-1.59745208510623
-25.737515710689205,27.57381303551192,167825.84525841603,1179.0,269.58865685293335,-0.998407622592019
-25.73754722518184,27.56881336164472,168326.64277683728,1178.0,269.5979929904247,-0.1996815006496958
-25.737579242877377,27.563813692211266,168827.44011197926,1174.0,269.59159108117615,-0.7987262949124876
-25.737618479040716,27.558814086067084,169328.2373073165,1179.0,269.4997567949455,0.9984081473605093
-25.737653031092577,27.553814436289947,169829.03445078738,1180.0,269.5593486794282,0.1996816501526548
-25.737677213416962,27.54881474253672,170329.82835658503,1180.0,269.69127026151244,0.0
-25.73774991840048,27.543816580082897,170830.52673003485,1178.0,269.07375981909297,-0.39944208051245783
-25.738931138086652,27.539017350957245,171328.85263317206,1182.0,254.71673483045822,0.8026875534299883
-25.741469750347022,27.534912627558057,171827.56506860157,1189.0,235.52601369568094,1.4036144885722288
-25.74436835479149,27.531088907603063,172328.1223482827,1201.0,229.9157274437611,2.397328035593581
-25.746444093873272,27.52666981740727,172827.29272804296,1209.0,242.45756851245213,1.6026591970144728
-25.747353188383745,27.521787996177423,173326.57517976803,1214.0,258.3178584475502,1.0014371590117992
-25.747065958237098,27.516808657855815,173826.30460341228,1218.0,273.6632841723764,0.8004331565730476
-25.746964055367627,27.511827218099633,174325.35230254062,1224.0,271.299953944357,1.202289883407925
-25.74823767902412,27.5070532481066,174824.02229793,1230.0,253.5000944853255,1.203200524490135
-25.750404378208664,27.502670095521733,175324.77813711658,1231.0,241.24017019065013,0.19969812066982473
-25.75175881066356,27.49793737175786,175822.12216479908,1226.0,252.3718779198772,-1.00534031207709
-25.75190484473413,27.49294049959919,176322.8299345116,1220.0,268.14045276514815,-1.198303753793331
-25.752032188968297,27.487942232483082,176823.61369078542,1209.0,268.378617493956,-2.196556869545349
-25.75210680161951,27.482943503875894,177324.31174914213,1219.0,269.0494816883516,1.9972116594220612
-25.751957176626934,27.47794984575141,177824.71007225048,1228.0,271.90427038642144,1.7985671782619395
-25.75174990221858,27.472954862711045,178325.49582683205,1242.0,272.6367932254972,2.7956066784882534
-25.75151332782752,27.467961574397126,178826.2735362454,1243.0,273.01005065640305,0.19968939934876095
-25.75128353991221,27.462967757719234,179327.0660005955,1242.0,272.9235093538807,-0.19968351586474217
-25.751010660487445,27.457976587172492,179827.86231672906,1252.0,273.47254408389,1.996819800354371
-25.750729350298467,27.45298600736407,180328.6584222686,1257.0,273.5800033025464,0.99841032002698
-25.750292770185297,27.44801218648451,180829.15960138067,1264.0,275.56500371498817,1.3985981036885202
-25.749720841748438,27.443052565203644,181329.93543406064,1256.0,277.2948457079407,-1.5975211817205643
-25.749165912238595,27.438090498201717,181830.72015298094,1247.0,277.07674147938286,-1.7971794385827324
-25.748589673013818,27.433131320376848,182331.5177176997,1243.0,277.34981912914805,-0.7987259287585334
-25.748008569624343,27.428172867462095,182832.31517470063,1242.0,277.4122185866222,-0.19968152513963836
-25.747425090683564,27.423214794737614,183333.11143883775,1228.0,277.44271339344994,-2.7955480107509265
-25.74684184264301,27.418256689588812,183833.91001536167,1231.0,277.43971644871795,0.5990432362693946
-25.74627402254728,27.413296585779438,184334.69028714934,1235.0,277.24209026186435,0.7987535103411695
-25.746199674239925,27.40830406597116,184834.79067238874,1236.0,270.94611477415566,0.19995985396437638
-25.746743716503453,27.40334169421919,185335.47030464097,1236.0,263.0591899697623,0.0
-25.74733905710831,27.398385406994183,185836.26469091303,1234.0,262.4028943955617,-0.3993654990600273
-25.747948130960676,27.3934314422508,186337.03025803505,1232.0,262.22615018528137,-0.3993884826175832
-25.7485486301973,27.38847589911229,186837.8219349936,1230.0,262.33663967676875,-0.39936765965172166
-25.749437360359334,27.383581288943134,187337.8979442417,1226.0,258.60143907706777,-0.7998784036879407
-25.750654928635022,27.378768386750625,187838.5770376854,1216.0,254.31043369115295,-1.9972873105644158
-25.751419040301627,27.373843921485683,188339.03825969461,1216.0,260.2242467345958,0.0
-25.751701178147755,27.368856793278912,188839.49221927932,1209.0,266.4048205914177,-1.398730066160112
-25.75147531714369,27.363865572902956,189340.00209977495,1199.0,272.87511266840414,-1.997962555723651
-25.750742642613645,27.358934376572833,189840.5465556796,1193.0,279.3661864524929,-1.1986947271558326
-25.74951371807713,27.354127214401576,190341.01520315782,1196.0,285.8444642135852,0.5994381496456556
-25.74781978862367,27.349497593431327,190841.48851116403,1193.0,292.1071694106186,-0.599432567533202
-25.745671391341663,27.345107177146836,191341.91590308995,1183.0,298.5130609696221,-1.9982918923591726
-25.743090446073953,27.341012729224165,191842.45232152892,1182.0,304.98403757138027,-0.19978566257350489
-25.740290165167277,27.337097912552462,192343.1564388124,1173.0,308.4525785453684,-1.7974687423839195
-25.73763289265198,27.33306438858865,192843.68371381148,1168.0,306.1794056217867,-0.9989465609060565
-25.73554494823743,27.328640595971265,193343.92933571147,1166.0,297.65165555059724,-0.3998035989608033
-25.734115560446437,27.323912305663086,193843.5008194167,1164.0,288.55029733792423,-0.40034310708978016
-25.733068201317607,27.31904986678251,194344.28638560738,1162.0,283.44658460556155,-0.39937253288135294
-25.731732197269732,27.31428297112589,194844.35219700125,1156.0,287.28094896640016,-1.1998420734414463
-25.72972703471306,27.30981581643672,195344.29613650512,1158.0,296.48494606339545,0.4000448534259191
-25.72745276610029,27.305500852855722,195845.07429537186,1153.0,300.3296418054935,-0.9984461006276649
-25.72517180003512,27.301190172403654,196345.86607930658,1154.0,300.4274953071591,0.19968378717058816
-25.722917944965904,27.296862134419523,196846.64959451434,1159.0,300.02885530311033,0.9984354213268474
-25.720656043372088,27.292539204676572,197347.4460215715,1159.0,300.1463095676884,0.0
-25.71838763653037,27.288220550467653,197848.24318057598,1163.0,300.24201133842666,0.7987265758358927
-25.71611923117613,27.283902036723322,198349.03522706707,1165.0,300.2423305629692,0.39936736495985875
-25.713850825821893,27.279583522978992,198849.83440014182,1164.0,300.2418552754465,-0.19968084089682553
-25.711586866293153,27.275262322766995,199350.62453620916,1166.0,300.1770090963107,0.3993688884740845
-25.709327543145456,27.270938317513565,199851.4059169058,1169.0,300.10938204661846,0.5990638062115536
-25.707048463647528,27.266627170873342,200352.18851885587,1177.0,300.4002816636557,1.5974995874152769
-25.704776852095527,27.26231124429906,200852.97199901327,1187.0,300.2901303322505,1.996870982416752
-25.702509534411792,27.257992679107108,201353.75035010217,1191.0,300.2272280962054,0.7987565739018774
-25.700240590082416,27.25367518016483,201854.53462167518,1191.0,300.2507874678986,0.0
-25.697985833728602,27.249348850329408,202355.29878855444,1207.0,300.0433817609871,3.1951167951395485
-25.695731325961244,27.245022190351182,202856.08485886303,1231.0,300.03827907479587,4.792465570220621
-25.693721947716366,27.240551869719468,203356.6430413929,1264.0,296.50986469140895,6.592640206821637
-25.69205042300103,27.235914068688086,203857.14690788003,1252.0,291.7982586382983,-2.3975838756699597
-25.690782582777256,27.231119122497663,204357.8678177338,1223.0,286.3516278279832,-5.791649485632603
-25.68993711307051,27.22621199511796,204858.48478212976,1221.0,280.8229016011902,-0.399507036764751
-25.689355587040982,27.221256050189158,205359.28197957203,1220.0,277.417647342355,-0.1996816286327717
-25.688745869633244,27.216304531523985,205860.0565821122,1221.0,277.779822973582,0.19969063824872213
-25.6879804941271,27.211380423013267,206360.7626056594,1219.0,279.78510862531306,-0.39943597758845767
-25.686733426282753,27.2065823096608,206861.15877502266,1212.0,286.0870938682418,-1.3988916040079433
-25.684925956968385,27.202009711643726,207361.50571178386,1232.0,293.68251212243405,3.9972264304169136
-25.68269064770667,27.197677091185984,207861.78602805795,1257.0,299.78965917396886,4.997198407922812
-25.679887501111843,27.193769185914782,208362.30214306884,1255.0,308.51627963460345,-0.3995875337513323
-25.6766860338871,27.19025856432645,208862.79993493075,1271.0,315.33722921042096,3.19681730072736
-25.673118940786534,27.187213958997166,209363.22281707954,1286.0,322.4298985903563,2.9974648512455517
-25.66945415919441,27.184309355042352,209864.02036399674,1291.0,324.45960545905086,0.9984074464379792
-25.665789679857163,27.18140441491453,210364.81535117363,1310.0,324.45340068577406,3.7939676886759033
-25.662128103526257,27.178495012118653,210865.61322929012,1323.0,324.38946089085414,2.595857643984705
-25.658461739037097,27.17559313086761,211366.41106440814,1319.0,324.49421826013935,-0.7987254974968766
-25.654798549904264,27.172686505794427,211867.20316436808,1303.0,324.4256386834382,-3.1949385785597944
-25.651141853176966,27.169769807792747,212368.0022003836,1289.0,324.28280042524216,-2.7955325376397155
-25.647512051110077,27.16681412484545,212868.68386745063,1275.0,323.7190927426964,-2.796187861643016
-25.64389444293325,27.163842302872947,213369.2395913906,1269.0,323.4771409575195,-1.1986677432779953
-25.64072900006465,27.160297121407908,213869.42673850158,1265.0,314.72376549225754,-0.7997006766574111
-25.638106472563692,27.15623889631643,214369.96745946983,1271.0,305.6322826426446,1.198703671580128
-25.635572242926905,27.15210935698957,214870.7532275687,1273.0,304.2420174274739,0.3993723718612449
-25.633223108098683,27.14786223195449,215370.2696053915,1280.0,301.52804717308857,1.4013554531505223
-25.633837780103732,27.14306909843979,215855.6229327683,1324.0,261.9035507104553,9.065560596402635
-25.63465190521856,27.13817985674182,216354.0613690241,1341.0,259.53478531067856,3.41065190070452
-25.63520985189006,27.13322300849322,216854.84278793473,1289.0,262.882380474052,-10.383771848627662
-25.637019457084723,27.12874102611194,217347.15563211998,1292.0,245.8744744647642,0.6093686231089208
-25.638567497271538,27.124140074954376,217839.46326135535,1268.0,249.53323814213405,-4.875000624563799
-25.638322233404406,27.119154072921063,218340.03817747693,1269.0,273.1220305445745,0.19977029767051319
-25.63804581235526,27.11416852635859,218840.76931142726,1241.0,273.5181479970473,-5.591823256346179
-25.638015252017393,27.109173195315346,219341.54923466837,1233.0,270.3877156500504,-1.5975081325590785
-25.638013878452064,27.104177580508196,219842.34616513934,1230.0,270.0163933571331,-0.5990452052449042
-25.638013,27.099181960742055,220343.143583695,1231.0,270.0100946509215,0.19968154046881786
-25.638007017506776,27.094186350732397,220843.94047087143,1211.0,270.0750268924796,-3.993635046887576
-25.63800261185401,27.08919075074855,221344.7361725656,1204.0,270.05496688434636,-1.3977755752134384
-25.637990996382516,27.084195147664083,221845.53364461393,1209.0,270.1466880606431,0.9984075956992029
-25.637975719231534,27.079199558121758,222346.33103111226,1207.0,270.1932711292508,-0.3993631065018838
-25.637961668142623,27.07420396838192,222847.12805503333,1195.0,270.17767356818456,-2.3961803738456933
-25.637955520475106,27.06920836044168,223347.92497516773,1181.0,270.07712819352344,-2.795544348843625
-25.637927737113383,27.064212850512746,223848.72120366094,1173.0,270.3523742426969,-1.5974561198414445
-25.6378937724974,27.05921738773712,224349.51754648343,1170.0,270.431012326085,-0.5990459081813553
-25.637882,27.054221912136374,224850.302740895,1166.0,270.148689409022,-0.7987456587450013
-25.637930927285147,27.049230225276702,225350.73590897888,1153.0,269.37601598898425,-2.597749475674366
-25.637865047726013,27.0442391239534,225851.13446285314,1150.0,270.83771893462847,-0.599522116275712
-25.63787833722912,27.039243690980744,226351.91592119978,1137.0,269.82984843313045,-2.595942757729152
-25.63732659517151,27.034307884529913,226850.50787142987,1131.0,277.0669966707252,-1.2033888628228038
-25.63656190140973,27.029411151847654,227348.70639705952,1127.0,279.826011853293,-0.8028927815361582
-25.63728030039803,27.024481215780895,227849.33794035268,1114.0,260.81739538627914,-2.596720117650974
-25.636471826917823,27.019601822558613,228346.68093740364,1115.0,280.41279119959665,0.2010684790837689
-25.6353214549336,27.014771996211454,228847.47842809727,1123.0,284.7976456631907,1.5974520936436027
-25.63420603917984,27.009936879691132,229347.81544682116,1137.0,284.3516458544199,2.798113966403484
-25.633005979023878,27.005126748180103,229848.1583459433,1143.0,285.46685008601025,1.199177606103179
-25.631856801874058,27.00029674715642,230348.95243646708,1141.0,284.78202714342297,-0.3993657349087635
-25.630751491891544,26.995455094249984,230849.66091481975,1123.0,284.2080859528643,-3.594906173592288
-25.630034286342582,26.99052416581376,231350.3961949526,1128.0,279.1631719264399,0.9985315991063034
-25.629561272102507,26.985561936959986,231850.65316796637,1137.0,276.03413239652525,1.7990753723591073
-25.629820452355126,26.980594042845144,232349.53898449143,1140.0,266.68723156041585,0.6013400061954505
-25.6308682913882,26.975736310882702,232850.2886805323,1144.0,256.544049754151,0.7988022821832101
-25.630821440287303,26.970767298057492,233348.4759624186,1146.0,270.5980850976712,0.40145545113624437
-25.63109429736841,26.965791339034908,233848.253706798,1147.0,266.51849265982787,0.200088941783867
-25.629592719728436,26.961111302611243,234346.2683687186,1149.0,289.58775459567266,0.40159460211210435
-25.627687143877665,26.956587492274323,234846.85989405247,1163.0,295.04086136347274,2.7966913724043847
-25.625804203518204,26.95204986002775,235347.65626351102,1183.0,294.7125068566269,3.993639175464393
-25.62469374835754,26.94726441418848,235843.06999086455,1179.0,284.43151653868654,-0.8074059678095217
-25.625747646463736,26.942435036265163,236341.2338009789,1189.0,256.39317729091675,2.0073718317082543
-25.627185464190433,26.937701357456884,236842.02453695214,1207.0,251.38133047781247,3.5943156905685085
-25.628625739661075,26.93296847357623,237342.82165818216,1215.0,251.34858028327437,1.5974532721655899
-25.630104866899245,26.92825618457021,237843.06112534023,1224.0,250.80390868520755,1.799138330913844
-25.631486862302754,26.923505052194233,238343.55350505208,1242.0,252.11807145666023,3.59645835374418
-25.632918066442578,26.918768646255494,238844.34756093813,1270.0,251.4702171317391,5.591120675436189
-25.63451239331778,26.91409843878922,239344.98000682323,1278.0,249.2598240651907,1.5979787298556467
-25.635897991040455,26.909359176710485,239844.44668869147,1282.0,252.03181051951566,0.8008542201529997
-25.637085724445594,26.904540530365814,240345.23786658212,1284.0,254.70789698070206,0.3993680576451252
-25.63805070793216,26.899674148308474,240844.74246043418,1302.0,257.59425107177674,3.6035704619227187
-25.63780252013075,26.894689654904575,241345.18635569632,1319.0,273.16012914641215,3.3969841896253063
-25.637477648555762,26.889707064610928,241845.98372729102,1343.0,274.13543720481005,4.792357420642251
-25.637151391384542,26.88472459722796,242346.78130548244,1359.0,274.1531089196295,3.194903629083549
-25.636849751112166,26.879743521360414,242847.25016511895,1352.0,273.84170235459584,-1.398688422908872
-25.636647752421712,26.874762833617645,243347.06092127404,1380.0,272.5746318370185,5.602120333583197
-25.637857064140942,26.869957842795912,243847.1685917747,1383.0,254.4012844197216,0.599870823216253
-25.639199026064066,26.865189307952278,244347.9477489664,1385.0,252.66298827288313,0.3993776440728412
-25.639891427187692,26.860257109704804,244848.33950281367,1381.0,261.1481059042125,-0.799373684567322
-25.64049454257869,26.855306395172583,245349.13687055092,1367.0,262.30314939692687,-2.79554185024097
-25.64109393205141,26.850355097819058,245849.9343535575,1351.0,262.35097919586804,-3.1949042363277593
-25.64169538696987,26.845404088948946,246350.73131959807,1369.0,262.32445860429357,3.594270976182787
-25.642293930311705,26.84045262960135,246851.52743740394,1356.0,262.36181887621524,-2.595866768487851
-25.642883849625857,26.835499874737092,247352.32331283423,1345.0,262.47249521293304,-2.1965037133240854
-25.64326242422108,26.830526959665242,247852.5977185408,1340.0,265.1720649011879,-0.999451489615586
-25.643328032303703,26.825531771398182,248353.38285468894,1349.0,269.16422206582286,1.7971779412673787
-25.64342119751892,26.820536999388416,248854.17995028407,1365.0,268.8136129643143,3.1949067078725983
-25.643973358995446,26.815591384109354,249353.72836241662,1369.0,262.93907721655296,0.8007231937589867
-25.64481563554479,26.810685929974586,249854.3002616517,1348.0,259.21536119880005,-4.1952015349024165
-25.64456487714769,26.805755134672115,250349.357395874,1335.0,273.22770702670516,-2.6259595309988115
-25.643551245312377,26.800887562706695,250850.14227260544,1330.0,283.0058313978153,-0.9984327068010121
-25.643149297969007,26.795964129542995,251345.70072139124,1320.0,275.17348270298476,-2.017925438361844
-25.64485171518318,26.791351014953044,251845.3758397117,1346.0,247.7367528277136,5.203380966295369
-25.64652875899456,26.786725853408576,252345.10301223138,1345.0,248.08829326947244,-0.20010919057250093
-25.647007806271123,26.78176367671512,252845.35545070656,1360.0,263.88639768027167,2.9984861334652746
-25.648235971783013,26.776984338821453,253343.5172135092,1378.0,254.08823021564382,3.613284146645862
-25.649781663118254,26.77230648399634,253842.92359651922,1388.0,249.86878588910045,2.002377290359872
-25.650867709068525,26.767457825806456,254343.7169783476,1364.0,256.0449418173147,-4.792395600831801
-25.651774078503305,26.762574811811827,254843.43986750057,1356.0,258.3637752934485,-1.6008872464417327
-25.651522404791766,26.757593150957085,255343.5644522379,1336.0,273.20662470675325,-3.9990035703812756
-25.65080879558114,26.752675416336693,255842.84553220842,1324.0,279.14361228351197,-2.4034557850075604
-25.65078839023754,26.747681221241418,256343.45163412302,1316.0,270.2586100233281,-1.5980628221277147
-25.650961284541992,26.742689218333968,256844.20171879538,1317.0,267.79865949445053,0.19970041555845294
-25.651076675980484,26.737697663289477,257344.70162056343,1314.0,268.5299095188102,-0.5994007170435555
-25.6509528502102,26.73270343294783,257845.4945218514,1300.0,271.5744074255543,-2.795566782994364
-25.650831878066555,26.727709080031676,258346.29159487446,1293.0,271.5380778236869,-1.3977717476949958
-25.65070910631334,26.72271478446397,258847.08884764914,1289.0,271.5609797953383,-0.7987264262808824
-25.650590769222738,26.717720362404744,259347.88608127777,1286.0,271.50454309157533,-0.5990448426128199
-25.650458291759545,26.712726385754962,259848.68299345215,1288.0,271.68450392674924,0.39936348475399275
-25.65038248102944,26.707734239001493,260349.15122031595,1295.0,270.96404171441526,1.3986901913565497
-25.65034751848126,26.702743278938293,260849.44483496758,1294.0,270.4441555774261,-0.19988262306652307
-25.65038188300427,26.697747295791643,261350.24142234592,1274.0,269.5617381777817,-3.9936374376470116
-25.650424778366844,26.692751412685553,261851.035956484,1259.0,269.45320489678846,-2.9952403585667056
-25.6508092225279,26.68780781685959,262348.4062528635,1255.0,265.06835939122124,-0.8042297718856475
-25.652211811423463,26.683069167308727,262848.33897247526,1256.0,251.82137329949313,0.2000269157771129
-25.653885746879457,26.67843190345022,263349.03667018743,1267.0,248.17556407743626,2.1969344077798234
-25.655495710192174,26.673765719828385,263849.8339048938,1275.0,249.05411757865352,1.5974529101964703
-25.657297500198084,26.66919397513628,264349.9528147613,1285.0,246.3830334480078,1.9995244736194036
-25.658991809365364,26.664564842386977,264850.7234944591,1296.0,247.8994295681264,2.196614228021123
-25.660691330931744,26.65993773116759,265351.51875911857,1301.0,247.82898547047927,0.9984119964473102
-25.662220483998073,26.65524626232628,265851.532213051,1311.0,250.11851695074859,1.9999461857183443
-25.66298427148452,26.65032248346402,266352.28080935025,1307.0,260.23410009718157,-0.798804036508863
-25.663735951111832,26.645395884784193,266853.0783810898,1313.0,260.3913238750409,1.1980888763415667
-25.664487630739142,26.640469286104366,267353.8728839168,1309.0,260.39126441160636,-0.7987308122233696
-25.665233234302278,26.635541497286077,267854.66964490956,1298.0,260.4696964573424,-2.1964998292308096
-25.66598685472484,26.63061521394101,268355.46293584595,1296.0,260.366198340827,-0.39936637255271146
-25.665668959670516,26.625699140739872,268849.43750499375,1296.0,274.1024702650371,0.0
-25.66393636231863,26.621087280126453,269350.2031769379,1287.0,292.6255416358429,-1.7972477955725639
-25.662251710600767,26.616456086735777,269850.7445026742,1278.0,291.97660910504896,-1.7980533349090566
-25.660849552109692,26.611730039555244,270349.42437206383,1273.0,288.21805980524545,-1.0026472506539892
-25.660628134498523,26.60677516494089,270846.6525199782,1270.0,272.83711860670246,-0.6033447648898614
-25.661235132052283,26.601824202975173,271347.4469839581,1275.0,262.25326378043104,0.998413592726965
-25.661833651961075,26.59687210891672,271848.2252442618,1298.0,262.3618448057965,4.592851132565797
-25.66281120222012,26.592019742131,272346.56212222035,1268.0,257.40015010052304,-6.020024069439793
-25.663838302472328,26.587204583162457,272842.49605417415,1292.0,256.6848456647407,4.839354287666668
-25.66405265826555,26.582226687292355,273341.97727733455,1286.0,267.26372493399833,-1.2012463575779282
-25.66557180277798,26.577587632365653,273836.66028784536,1260.0,250.03231940001288,-5.255891034776477
-25.6635282998073,26.573281136351024,274324.4376975833,1254.0,297.76379040454555,-1.230069265246139
-25.661322155035865,26.568954929612012,274822.62298599444,1256.0,299.4982614832544,0.4014570575495153
-25.659635453480288,26.56432200585062,275323.41990260215,1252.0,291.99292955757466,-0.7987269624372174
-25.65794668086296,26.559690084245346,275824.21608405665,1246.0,292.02138215587087,-1.1980922024153169
-25.65631528180924,26.5550331459904,276324.9975308303,1242.0,291.23684561063715,-0.7987516362218132
-25.654713057487193,26.550363638784948,276825.7961025217,1246.0,290.83842146619673,0.7987243227332929
-25.652573360115824,26.545991025471167,277324.49599341827,1248.0,298.4944087031464,0.40104279878714316
-25.650067942627405,26.541840280629096,277825.2091299443,1244.0,303.805324741491,-0.7988606066443469
-25.647809266845474,26.5375200872219,278325.81738785526,1236.0,300.1113518529261,-1.5980559396651635
-25.646805170393016,26.532665315304364,278825.10108419164,1229.0,282.9207637735279,-1.4020085276896193
-25.646050169947554,26.527740157618712,279325.887115493,1222.0,279.6496181622724,-1.3978025668586382
-25.644770969977703,26.522955478370623,279826.1561678002,1219.0,286.517654393925,-0.5996773108718932
-25.643347490730758,26.51821603799273,280326.92176043533,1210.0,288.4252019793826,-1.7972480802125268
-25.64357120010645,26.513297374667324,280820.60909186996,1212.0,267.1107590692827,0.4051147097876912
-25.644555984862354,26.508422630208006,281321.38333559805,1214.0,257.3681622856487,0.3993815626599969
-25.64467925743063,26.503479984575332,281817.0323923958,1221.0,268.4142009528421,1.4122895835261577
-25.642983566137907,26.4988897339847,282314.3037132056,1223.0,292.2815235950851,0.40219492182715316
-25.640561770753187,26.494677701641265,282815.1004274042,1224.0,302.5280528944394,0.19968182131551085
-25.637783810526013,26.490792782979213,283312.17845851375,1225.0,308.4191897621896,0.20117565802855875
-25.633949913317423,26.488177980382844,283812.6313872794,1207.0,328.41269509119945,-3.596741864293894
-25.630097340911153,26.485590735038578,284313.42238547833,1196.0,328.8055773409788,-2.1965251051958727
-25.626537854084088,26.482571342017803,284811.70831399446,1184.0,322.59011878786964,-2.4082558453407485
-25.624036068750506,26.47842328544772,285312.0482415864,1184.0,303.77828716399915,0.0
-25.62162064527992,26.474207420155558,285812.84515323874,1188.0,302.4319446659716,0.7987269703406324
-25.61920544168082,26.469991471322956,286313.643235715,1198.0,302.42854561154945,1.996812757459842
-25.616787101106343,26.465777846550953,286814.43908189505,1210.0,302.4760024544763,2.3961860090359957
-25.61436633447652,26.461565980844053,287315.2383073015,1219.0,302.5123492569373,1.7971273802781806
-25.612372955440847,26.45709950791578,287814.93302281434,1214.0,296.3314368171882,-1.0006109419965117
-25.61072595659492,26.452451204122312,288315.70543962216,1210.0,291.4503326879113,-0.7987660393713354
-25.60902235047191,26.447827918111486,288816.49690674077,1183.0,292.2253134287098,-5.391465664411106
-25.60731971556638,26.44320444135922,289317.27135442063,1157.0,292.2127618152251,-5.191958200036011
-25.605590160553707,26.438593924491435,289817.99117730826,1171.0,292.5857988803456,2.7959747867106217
-25.603126154564105,26.434432058789664,290317.2254845397,1156.0,303.28453835622014,-3.004601202826824
-25.600274620427953,26.430566457849817,290818.02213399345,1145.0,309.2815896119319,-2.1965003184422844
-25.597417661607306,26.426705908968035,291318.8163234115,1144.0,309.37103660849095,-0.19968282802204687
-25.594673953864294,26.422748579162675,291819.384412264,1128.0,307.55107878387435,-3.196368357535141
-25.591950771520263,26.418771543688194,292320.14448220417,1129.0,307.2056003938812,0.1996964334874896
-25.589857215109078,26.414398104346095,292816.69360542216,1112.0,297.95687320739086,-3.4236290439559918
-25.58825719016539,26.409756295188636,293315.05294510914,1092.0,290.9151129874954,-4.013168492550349
-25.589712823419504,26.40514097666855,293805.40034808003,1106.0,250.7247330719456,2.855118618999021
-25.591248602420404,26.400461357146106,294304.81066617405,1110.0,250.00357440716067,0.8009446050826275
-25.592535210685732,26.39567839784774,294805.35518051963,1127.0,253.39125467933502,3.396301330407312
-25.593973272949004,26.39094875325891,295305.89619088336,1129.0,251.3684178159093,0.3995676595103903
-25.5955849719815,26.386295000704088,295805.8175848791,1135.0,248.9920031535729,1.2001886840735894
-25.59720784219474,26.38163668267816,296306.60678673437,1147.0,248.8778478329283,2.3962178009318333
-25.59852244460786,26.3768706286324,296806.40556222317,1167.0,252.99296468433025,4.001610444211284
-25.599174764787744,26.371929312294967,297307.20234330423,1172.0,261.6710006959909,0.998408973237915
-25.599821324252023,26.366987126394864,297807.990380345,1170.0,261.7449156437524,-0.39937056240763946
-25.600453323415817,26.362042678181634,298308.77054404013,1195.0,261.9319177407999,4.992210517192336
-25.60108712714768,26.357098386762615,298809.5607411497,1196.0,261.9088928257627,0.19968441989714195
-25.601662306576966,26.35214766271697,299310.1124964207,1198.0,262.65800495269383,0.39955908234050225
-25.601744551384748,26.347154393530673,299810.90991972137,1206.0,268.9525683514494,1.5974523086147627
-25.601827755498913,26.34216656906549,300311.1630651185,1201.0,268.9392115983476,-0.9994939654064224
-25.601821917890977,26.337177920505397,300811.4135469645,1209.0,270.0732677430736,1.599198859434995
-25.60172897125717,26.332187448752013,301311.95335237856,1214.0,271.18205462968905,0.9989215534744691
-25.60118039239699,26.327235402253567,301812.2670710504,1211.0,277.0019624723185,-0.5996237736522376
-25.599469750520125,26.32264080458636,302310.7289126938,1210.0,292.432039287251,-0.2006171619282023
-25.596752683931097,26.31865878161933,302811.4640700799,1215.0,307.11012595081843,0.9985318438794145
-25.594003124985523,26.314705268673197,303312.12755907996,1210.0,307.63665234288624,-0.9986747805369591
-25.591255439034324,26.310749034563464,303812.88729579357,1197.0,307.5980777269313,-2.596055362860572
-25.59028942243815,26.305948304487757,304306.17507334583,1181.0,282.5762021370504,-3.2435427610619785
-25.5900288624423,26.300963129065476,304806.96442663454,1180.0,273.3155976999191,-0.1996847563617212
-25.58955608611838,26.296011246144285,305306.3524056418,1178.0,276.0416250690282,-0.40049021684018005
-25.588661822953235,26.29112272797017,305806.596345843,1183.0,281.4644575144207,0.9995123575088537
-25.587380833201625,26.286338132936656,306307.1347920809,1178.0,286.53227340649914,-0.9989242659740482
-25.58625463813434,26.281523040978094,306806.0143514577,1190.0,284.53665278470726,2.4053901937755016
-25.58572038999625,26.276565258476857,307306.77124948305,1207.0,276.8120747882079,3.3948608730178056
-25.583263431143862,26.272493431143864,307798.1032214085,1202.0,303.78165659835906,-1.0176418970672332
-25.5799485803703,26.26911401561507,308298.8430696993,1209.0,317.39951461933384,1.3979314855594984
-25.579335921966337,26.264471798407975,308769.3975987159,1231.0,278.32324482209015,4.675334874786357
-25.579605326440426,26.259717399703177,309247.1867493721,1226.0,266.4042866746625,-1.0464867176521158
-25.57787171484715,26.255108983244025,309747.9844330493,1215.0,292.6379983503796,-2.1964957823349156
-25.576137229158775,26.250501045143118,310248.78143847315,1209.0,292.65007974809225,-1.1980902311749393
-25.574378381369506,26.245904562164263,310749.5762324178,1202.0,292.98643473020496,-1.3977781088463017
-25.57211461644401,26.24161139087667,311248.3640492192,1199.0,300.30798015935284,-0.6014581549401595
-25.569777504467236,26.237349070124086,311748.6773690488,1202.0,301.2927359644351,0.5996242516632395
-25.567607545364112,26.232978506924,312249.08421638777,1197.0,298.82723176600945,-0.9991869668828226
-25.564558345776685,26.229312160944126,312749.2920481697,1178.0,312.6734577456442,-3.7984211347340224
-25.56191520657858,26.225302413157152,313247.44719955407,1189.0,306.15502196836894,2.208147395330816
-25.559606705607194,26.22101848240281,313748.0063742325,1190.0,300.85050625921247,0.19977657999026227
-25.557313645787104,26.2167279415964,314248.26470376144,1193.0,300.6422508616237,0.5996901646444837
-25.55450038828067,26.21283073290498,314748.9647572975,1193.0,308.66411417194047,0.0
-25.55161941648346,26.208994902330666,315249.6628373517,1196.0,309.77649960839807,0.5991634718621837
-25.548407709168686,26.20549900969696,315750.1999274157,1199.0,315.5183987788834,0.5993561834980607
-25.54518768444469,26.202010813065176,316250.8639166217,1202.0,315.6548332610551,0.5992042696654829
-25.542127098228633,26.19837800181326,316749.5170362999,1197.0,313.03709915524234,-1.002701036589659
-25.53839478937729,26.195586110641297,317250.213685778,1192.0,325.98251387267044,-0.9986086396247422
-25.534651178163408,26.19281131321818,317751.00192865817,1182.0,326.2247734666289,-1.9968519912703813
-25.53059965598416,26.19081121055667,318244.18666851136,1171.0,335.9887267308553,-2.2304015333633984
-25.526979253725813,26.18820595313511,318724.1838590884,1156.0,327.00181600055555,-3.1250182906211412
-25.524628436499665,26.183950523635513,319224.83797973255,1158.0,301.47330149547486,0.3994773871883404
-25.522330392439727,26.17965826588749,319725.63516998966,1157.0,300.6794356671173,-0.19968163149769033
-25.520053123981505,26.175352900220982,320226.39896036213,1161.0,300.3748412169538,0.7987797993590552
-25.518666851562894,26.170613742870326,320726.316363546,1144.0,287.9584310262416,-3.4005617511473454
-25.51768858670232,26.16576369322301,321225.01584904926,1155.0,282.59779772278097,2.2057371863737836
-25.519609565854246,26.1614019813667,321712.04296279774,1153.0,243.98538140242584,-0.41065475484653874
-25.522416477557513,26.157505083824322,322212.36699283216,1147.0,231.4032066254596,-1.199222831569222
-25.525051069967173,26.15345751044158,322713.1425447795,1174.0,234.19619274628377,5.391637010833605
-25.52762411496388,26.149362812595733,323213.8113305875,1180.0,235.1473863031842,1.1983970581104513
-25.530017457316774,26.14513653969431,323714.4609762373,1166.0,237.88787339140163,-2.796366705069455
-25.531696109514446,26.14051101544228,324214.7016800917,1173.0,248.08987578858353,1.3993263535064053
-25.533258561771927,26.135829803149985,324715.4969900469,1167.0,249.6998429873902,-1.1980942873719793
-25.535107935196557,26.131304573673887,325213.9312904112,1169.0,245.63240382249813,0.4012564942938407
-25.53759478574423,26.12716431919296,325712.9554385446,1186.0,236.3481694586154,3.4066487691203338
-25.539726520812433,26.122789009939325,326211.84235767234,1171.0,241.63098344600803,-3.00669338579308
-25.54184813422937,26.11841000178582,326710.5155715924,1174.0,241.76460125558532,0.6015963794039043
-25.541983061960703,26.113479395498416,327205.420202923,1170.0,268.2617209184871,-0.808236526145522
-25.54154037491849,26.108536449991828,327703.77299424325,1166.0,275.66754011157957,-0.8026442451346881
-25.54215085136331,26.10359567898883,328204.09660982987,1168.0,262.20122605064375,0.39974127498560025
-25.542712349508832,26.09864919410601,328704.2768195157,1175.0,262.8281970861426,1.399495594677166
-25.541639505773812,26.093947296807933,329190.8574183034,1199.0,284.1908442706687,4.932379149476048
-25.542838672386193,26.08913637342604,329691.6054640787,1191.0,254.55569454164242,-1.5976098294328993
-25.54400716007694,26.084319312341126,330192.04597056087,1192.0,254.95078931846524,0.1998239525072644
-25.545574514354367,26.080277738128707,330633.38746737357,1195.0,246.7399441082145,0.679745734689693
-25.548931,26.08226,331056.2875275517,1189.0,151.95013515704625,-1.4187749222529638
